dataset,user_id,algorithm,rank,item_id,item_name,score,seen_before,reason,main_driver,explanation,matched_tags,proxy_category
MovieLens 20M,88646,Popularity,1,318,"Shawshank Redemption, The (1994)",20.0,False,global popularity prior,Popularity,global popularity prior,"crime, drama",Other
MovieLens 20M,88646,Popularity,2,296,Pulp Fiction (1994),19.0,False,global popularity prior,Popularity,global popularity prior,"comedy, crime, drama",Other
MovieLens 20M,88646,Popularity,3,593,"Silence of the Lambs, The (1991)",18.0,False,global popularity prior,Popularity,global popularity prior,"crime, horror, thriller",Other
MovieLens 20M,88646,Popularity,4,2571,"Matrix, The (1999)",17.0,False,global popularity prior,Popularity,global popularity prior,"action, thriller",Other
MovieLens 20M,88646,Popularity,5,356,Forrest Gump (1994),16.0,False,global popularity prior,Popularity,global popularity prior,"comedy, drama, romance",Other
MovieLens 20M,88646,Popularity,6,260,Star Wars: Episode IV - A New Hope (1977),15.0,False,global popularity prior,Popularity,global popularity prior,"action, adventure",Other
MovieLens 20M,88646,Popularity,7,1196,Star Wars: Episode V - The Empire Strikes Back (1980),14.0,False,global popularity prior,Popularity,global popularity prior,"action, adventure",Other
MovieLens 20M,88646,Popularity,8,527,Schindler's List (1993),13.0,False,global popularity prior,Popularity,global popularity prior,"drama, war",Other
MovieLens 20M,88646,Popularity,9,50,"Usual Suspects, The (1995)",12.0,False,global popularity prior,Popularity,global popularity prior,"crime, mystery, thriller",Other
MovieLens 20M,88646,Popularity,10,1198,Raiders of the Lost Ark (Indiana Jones and the Raiders of the Lost Ark) (1981),11.0,False,global popularity prior,Popularity,global popularity prior,"action, adventure",Other
MovieLens 20M,88646,TruncatedSVD,1,904,Rear Window (1954),20.0,False,latent factor affinity,TruncatedSVD,latent factor affinity,"mystery, thriller",Other
MovieLens 20M,88646,TruncatedSVD,2,1617,L.A. Confidential (1997),19.0,False,latent factor affinity,TruncatedSVD,latent factor affinity,"crime, film, mystery",Other
MovieLens 20M,88646,TruncatedSVD,3,913,"Maltese Falcon, The (1941)",18.0,False,latent factor affinity,TruncatedSVD,latent factor affinity,"film, mystery, noir",Other
MovieLens 20M,88646,TruncatedSVD,4,1212,"Third Man, The (1949)",17.0,False,latent factor affinity,TruncatedSVD,latent factor affinity,"film, mystery, noir",Other
MovieLens 20M,88646,TruncatedSVD,5,1248,Touch of Evil (1958),16.0,False,latent factor affinity,TruncatedSVD,latent factor affinity,"crime, film, noir",Other
MovieLens 20M,88646,TruncatedSVD,6,2186,Strangers on a Train (1951),15.0,False,latent factor affinity,TruncatedSVD,latent factor affinity,"crime, drama, film",Other
MovieLens 20M,88646,TruncatedSVD,7,908,North by Northwest (1959),14.0,False,latent factor affinity,TruncatedSVD,latent factor affinity,"action, adventure, mystery",Other
MovieLens 20M,88646,TruncatedSVD,8,930,Notorious (1946),13.0,False,latent factor affinity,TruncatedSVD,latent factor affinity,"film, noir, romance",Other
MovieLens 20M,88646,TruncatedSVD,9,1284,"Big Sleep, The (1946)",12.0,False,latent factor affinity,TruncatedSVD,latent factor affinity,"crime, film, mystery",Other
MovieLens 20M,88646,TruncatedSVD,10,16,Casino (1995),11.0,False,latent factor affinity,TruncatedSVD,latent factor affinity,"crime, drama",Other
MovieLens 20M,88646,EASE,1,904,Rear Window (1954),20.0,False,closed-form co-occurrence signal,EASE,closed-form co-occurrence signal,"mystery, thriller",Other
MovieLens 20M,88646,EASE,2,930,Notorious (1946),19.0,False,closed-form co-occurrence signal,EASE,closed-form co-occurrence signal,"film, noir, romance",Other
MovieLens 20M,88646,EASE,3,1617,L.A. Confidential (1997),18.0,False,closed-form co-occurrence signal,EASE,closed-form co-occurrence signal,"crime, film, mystery",Other
MovieLens 20M,88646,EASE,4,913,"Maltese Falcon, The (1941)",17.0,False,closed-form co-occurrence signal,EASE,closed-form co-occurrence signal,"film, mystery, noir",Other
MovieLens 20M,88646,EASE,5,2186,Strangers on a Train (1951),16.0,False,closed-form co-occurrence signal,EASE,closed-form co-occurrence signal,"crime, drama, film",Other
MovieLens 20M,88646,EASE,6,1212,"Third Man, The (1949)",15.0,False,closed-form co-occurrence signal,EASE,closed-form co-occurrence signal,"film, mystery, noir",Other
MovieLens 20M,88646,EASE,7,1219,Psycho (1960),14.0,False,closed-form co-occurrence signal,EASE,closed-form co-occurrence signal,"crime, horror",Other
MovieLens 20M,88646,EASE,8,111,Taxi Driver (1976),13.0,False,closed-form co-occurrence signal,EASE,closed-form co-occurrence signal,"crime, drama, thriller",Other
MovieLens 20M,88646,EASE,9,1248,Touch of Evil (1958),12.0,False,closed-form co-occurrence signal,EASE,closed-form co-occurrence signal,"crime, film, noir",Other
MovieLens 20M,88646,EASE,10,928,Rebecca (1940),11.0,False,closed-form co-occurrence signal,EASE,closed-form co-occurrence signal,"drama, mystery, romance",Other
MovieLens 20M,88646,TFIDF_Content,1,5388,Insomnia (2002),20.0,False,metadata and text similarity,TFIDF_Content,metadata and text similarity,"action, crime, drama",Other
MovieLens 20M,88646,TFIDF_Content,2,2058,"Negotiator, The (1998)",19.0,False,metadata and text similarity,TFIDF_Content,metadata and text similarity,"action, crime, drama",Other
MovieLens 20M,88646,TFIDF_Content,3,4056,"Pledge, The (2001)",18.0,False,metadata and text similarity,TFIDF_Content,metadata and text similarity,"crime, drama, mystery",Other
MovieLens 20M,88646,TFIDF_Content,4,22,Copycat (1995),17.0,False,metadata and text similarity,TFIDF_Content,metadata and text similarity,"crime, drama, horror",Other
MovieLens 20M,88646,TFIDF_Content,5,1783,Palmetto (1998),16.0,False,metadata and text similarity,TFIDF_Content,metadata and text similarity,"crime, drama, mystery",Other
MovieLens 20M,88646,TFIDF_Content,6,4848,Mulholland Drive (2001),15.0,False,metadata and text similarity,TFIDF_Content,metadata and text similarity,"crime, drama, film",Other
MovieLens 20M,88646,TFIDF_Content,7,52604,Fracture (2007),14.0,False,metadata and text similarity,TFIDF_Content,metadata and text similarity,"crime, drama, mystery",Other
MovieLens 20M,88646,TFIDF_Content,8,7445,Man on Fire (2004),13.0,False,metadata and text similarity,TFIDF_Content,metadata and text similarity,"action, crime, drama",Other
MovieLens 20M,88646,TFIDF_Content,9,1617,L.A. Confidential (1997),12.0,False,metadata and text similarity,TFIDF_Content,metadata and text similarity,"crime, film, mystery",Other
MovieLens 20M,88646,TFIDF_Content,10,44761,Brick (2005),11.0,False,metadata and text similarity,TFIDF_Content,metadata and text similarity,"crime, drama, film",Other
MovieLens 20M,88646,SequentialTransition,1,593,"Silence of the Lambs, The (1991)",20.0,False,order-aware transition signal from recent user history,SequentialTransition,order-aware transition signal from recent user history,"crime, horror, thriller",Other
MovieLens 20M,88646,SequentialTransition,2,318,"Shawshank Redemption, The (1994)",19.0,False,order-aware transition signal from recent user history,SequentialTransition,order-aware transition signal from recent user history,"crime, drama",Other
MovieLens 20M,88646,SequentialTransition,3,1198,Raiders of the Lost Ark (Indiana Jones and the Raiders of the Lost Ark) (1981),18.0,False,order-aware transition signal from recent user history,SequentialTransition,order-aware transition signal from recent user history,"action, adventure",Other
MovieLens 20M,88646,SequentialTransition,4,1196,Star Wars: Episode V - The Empire Strikes Back (1980),17.0,False,order-aware transition signal from recent user history,SequentialTransition,order-aware transition signal from recent user history,"action, adventure",Other
MovieLens 20M,88646,SequentialTransition,5,296,Pulp Fiction (1994),16.0,False,order-aware transition signal from recent user history,SequentialTransition,order-aware transition signal from recent user history,"comedy, crime, drama",Other
MovieLens 20M,88646,SequentialTransition,6,260,Star Wars: Episode IV - A New Hope (1977),15.0,False,order-aware transition signal from recent user history,SequentialTransition,order-aware transition signal from recent user history,"action, adventure",Other
MovieLens 20M,88646,SequentialTransition,7,457,"Fugitive, The (1993)",14.0,False,order-aware transition signal from recent user history,SequentialTransition,order-aware transition signal from recent user history,thriller,Other
MovieLens 20M,88646,SequentialTransition,8,2571,"Matrix, The (1999)",13.0,False,order-aware transition signal from recent user history,SequentialTransition,order-aware transition signal from recent user history,"action, thriller",Other
MovieLens 20M,88646,SequentialTransition,9,50,"Usual Suspects, The (1995)",12.0,False,order-aware transition signal from recent user history,SequentialTransition,order-aware transition signal from recent user history,"crime, mystery, thriller",Other
MovieLens 20M,88646,SequentialTransition,10,356,Forrest Gump (1994),11.0,False,order-aware transition signal from recent user history,SequentialTransition,order-aware transition signal from recent user history,"comedy, drama, romance",Other
MovieLens 20M,88646,HybridFeatureRerank,1,904,Rear Window (1954),20.0,False,"candidate rerank with collaborative, content, recency and profile-alignment features",ease,"strong collaborative co-occurrence; latent factor match; shares profile tags (mystery, thriller)","mystery, thriller",Other
MovieLens 20M,88646,HybridFeatureRerank,2,1617,L.A. Confidential (1997),19.0,False,"candidate rerank with collaborative, content, recency and profile-alignment features",ease,strong collaborative co-occurrence; latent factor match; text and metadata similarity,"crime, film, mystery",Other
MovieLens 20M,88646,HybridFeatureRerank,3,1212,"Third Man, The (1949)",18.0,False,"candidate rerank with collaborative, content, recency and profile-alignment features",ease,strong collaborative co-occurrence; latent factor match; text and metadata similarity,"film, mystery, noir",Other
MovieLens 20M,88646,HybridFeatureRerank,4,930,Notorious (1946),17.0,False,"candidate rerank with collaborative, content, recency and profile-alignment features",ease,strong collaborative co-occurrence; latent factor match; text and metadata similarity,"film, noir, romance",Other
MovieLens 20M,88646,HybridFeatureRerank,5,913,"Maltese Falcon, The (1941)",16.0,False,"candidate rerank with collaborative, content, recency and profile-alignment features",ease,"strong collaborative co-occurrence; latent factor match; shares profile tags (film, mystery, noir)","film, mystery, noir",Other
MovieLens 20M,88646,HybridFeatureRerank,6,2186,Strangers on a Train (1951),15.0,False,"candidate rerank with collaborative, content, recency and profile-alignment features",ease,strong collaborative co-occurrence; latent factor match; text and metadata similarity,"crime, drama, film",Other
MovieLens 20M,88646,HybridFeatureRerank,7,1248,Touch of Evil (1958),14.0,False,"candidate rerank with collaborative, content, recency and profile-alignment features",ease,strong collaborative co-occurrence; latent factor match; text and metadata similarity,"crime, film, noir",Other
MovieLens 20M,88646,HybridFeatureRerank,8,1284,"Big Sleep, The (1946)",13.0,False,"candidate rerank with collaborative, content, recency and profile-alignment features",ease,strong collaborative co-occurrence; latent factor match; text and metadata similarity,"crime, film, mystery",Other
MovieLens 20M,88646,HybridFeatureRerank,9,111,Taxi Driver (1976),12.0,False,"candidate rerank with collaborative, content, recency and profile-alignment features",ease,strong collaborative co-occurrence; latent factor match; text and metadata similarity,"crime, drama, thriller",Other
MovieLens 20M,88646,HybridFeatureRerank,10,1260,M (1931),11.0,False,"candidate rerank with collaborative, content, recency and profile-alignment features",ease,strong collaborative co-occurrence; latent factor match; text and metadata similarity,"crime, film, noir",Other
MovieLens 20M,88646,Hybrid_NoContentAblation,1,904,Rear Window (1954),20.0,False,hybrid rerank without content and profile-alignment features,ease,strong collaborative co-occurrence; latent factor match; recent item activity,"mystery, thriller",Other
MovieLens 20M,88646,Hybrid_NoContentAblation,2,1617,L.A. Confidential (1997),19.0,False,hybrid rerank without content and profile-alignment features,ease,strong collaborative co-occurrence; latent factor match; recent item activity,"crime, film, mystery",Other
MovieLens 20M,88646,Hybrid_NoContentAblation,3,913,"Maltese Falcon, The (1941)",18.0,False,hybrid rerank without content and profile-alignment features,ease,strong collaborative co-occurrence; latent factor match; recent item activity,"film, mystery, noir",Other
MovieLens 20M,88646,Hybrid_NoContentAblation,4,930,Notorious (1946),17.0,False,hybrid rerank without content and profile-alignment features,ease,strong collaborative co-occurrence; latent factor match; recent item activity,"film, noir, romance",Other
MovieLens 20M,88646,Hybrid_NoContentAblation,5,1212,"Third Man, The (1949)",16.0,False,hybrid rerank without content and profile-alignment features,ease,strong collaborative co-occurrence; latent factor match; recent item activity,"film, mystery, noir",Other
MovieLens 20M,88646,Hybrid_NoContentAblation,6,2186,Strangers on a Train (1951),15.0,False,hybrid rerank without content and profile-alignment features,ease,strong collaborative co-occurrence; latent factor match; recent item activity,"crime, drama, film",Other
MovieLens 20M,88646,Hybrid_NoContentAblation,7,1248,Touch of Evil (1958),14.0,False,hybrid rerank without content and profile-alignment features,ease,strong collaborative co-occurrence; latent factor match; recent item activity,"crime, film, noir",Other
MovieLens 20M,88646,Hybrid_NoContentAblation,8,1284,"Big Sleep, The (1946)",13.0,False,hybrid rerank without content and profile-alignment features,ease,strong collaborative co-occurrence; latent factor match; recent item activity,"crime, film, mystery",Other
MovieLens 20M,88646,Hybrid_NoContentAblation,9,111,Taxi Driver (1976),12.0,False,hybrid rerank without content and profile-alignment features,ease,strong collaborative co-occurrence; latent factor match; recent item activity,"crime, drama, thriller",Other
MovieLens 20M,88646,Hybrid_NoContentAblation,10,908,North by Northwest (1959),11.0,False,hybrid rerank without content and profile-alignment features,ease,strong collaborative co-occurrence; latent factor match; recent item activity,"action, adventure, mystery",Other
MovieLens 20M,88646,Hybrid_NoCollaborativeAblation,1,4848,Mulholland Drive (2001),20.0,False,hybrid rerank without collaborative candidate signals,content,"text and metadata similarity; shares profile tags (crime, drama, film); recent item activity","crime, drama, film",Other
MovieLens 20M,88646,Hybrid_NoCollaborativeAblation,2,5388,Insomnia (2002),19.0,False,hybrid rerank without collaborative candidate signals,content,"text and metadata similarity; shares profile tags (action, crime, drama); recent item activity","action, crime, drama",Other
MovieLens 20M,88646,Hybrid_NoCollaborativeAblation,3,1212,"Third Man, The (1949)",18.0,False,hybrid rerank without collaborative candidate signals,content,"text and metadata similarity; shares profile tags (film, mystery, noir); recent item activity","film, mystery, noir",Other
MovieLens 20M,88646,Hybrid_NoCollaborativeAblation,4,44761,Brick (2005),17.0,False,hybrid rerank without collaborative candidate signals,content,"text and metadata similarity; shares profile tags (crime, drama, film); recent item activity","crime, drama, film",Other
MovieLens 20M,88646,Hybrid_NoCollaborativeAblation,5,1617,L.A. Confidential (1997),16.0,False,hybrid rerank without collaborative candidate signals,content,"text and metadata similarity; shares profile tags (crime, film, mystery); recent item activity","crime, film, mystery",Other
MovieLens 20M,88646,Hybrid_NoCollaborativeAblation,6,2058,"Negotiator, The (1998)",15.0,False,hybrid rerank without collaborative candidate signals,content,"text and metadata similarity; shares profile tags (action, crime, drama); recent item activity","action, crime, drama",Other
MovieLens 20M,88646,Hybrid_NoCollaborativeAblation,7,4056,"Pledge, The (2001)",14.0,False,hybrid rerank without collaborative candidate signals,content,"text and metadata similarity; shares profile tags (crime, drama, mystery); recent item activity","crime, drama, mystery",Other
MovieLens 20M,88646,Hybrid_NoCollaborativeAblation,8,1625,"Game, The (1997)",13.0,False,hybrid rerank without collaborative candidate signals,content,"text and metadata similarity; shares profile tags (drama, mystery, thriller); recent item activity","drama, mystery, thriller",Other
MovieLens 20M,88646,Hybrid_NoCollaborativeAblation,9,52604,Fracture (2007),12.0,False,hybrid rerank without collaborative candidate signals,content,"text and metadata similarity; shares profile tags (crime, drama, mystery); recent item activity","crime, drama, mystery",Other
MovieLens 20M,88646,Hybrid_NoCollaborativeAblation,10,32587,Sin City (2005),11.0,False,hybrid rerank without collaborative candidate signals,content,"text and metadata similarity; shares profile tags (action, crime, film); recent item activity","action, crime, film",Other
Google Local South Carolina,106584019638494485312,Popularity,1,0x88fe635b1dfbd613:0x907d0cf222569cf0,Tanger Outlets Charleston,20.0,False,global popularity prior,Popularity,global popularity prior,"mall, shopping",Retail
Google Local South Carolina,106584019638494485312,Popularity,2,0x890069793805b35f:0x68c25907b9a2de51,Coastal Grand Mall,19.0,False,global popularity prior,Popularity,global popularity prior,"mall, shopping",Retail
Google Local South Carolina,106584019638494485312,Popularity,3,0x88f8aa35de1b4d01:0xc3f9b1ba3f497849,Village at Sandhill,18.0,False,global popularity prior,Popularity,global popularity prior,"mall, shopping",Retail
Google Local South Carolina,106584019638494485312,Popularity,4,0x88fe63d0da350dad:0x22c144055fbfaef9,Northwoods Mall,17.0,False,global popularity prior,Popularity,global popularity prior,"mall, shopping",Retail
Google Local South Carolina,106584019638494485312,Popularity,5,0x88f8a2734b573227:0x9fa5ad2907a203a5,Columbiana Centre,16.0,False,global popularity prior,Popularity,global popularity prior,"mall, shopping",Retail
Google Local South Carolina,106584019638494485312,Popularity,6,0x8900635b758f3dbf:0x43cb34519df6c46,Barefoot Landing,15.0,False,global popularity prior,Popularity,global popularity prior,"mall, restaurant, shopping",Dining
Google Local South Carolina,106584019638494485312,Popularity,7,0x88582c41c30fcb6f:0x890174c00bd73f1b,Texas Roadhouse,14.0,False,global popularity prior,Popularity,global popularity prior,"american, restaurant",Dining
Google Local South Carolina,106584019638494485312,Popularity,8,0x88fe7a1211451c97:0xaefd6e030a254b2d,Historic Charleston City Market,13.0,False,global popularity prior,Popularity,global popularity prior,,Retail
Google Local South Carolina,106584019638494485312,Popularity,9,0x8855641d897174dd:0x27bdad9ae6ee892f,Magnolia Mall,12.0,False,global popularity prior,Popularity,global popularity prior,"mall, shopping",Retail
Google Local South Carolina,106584019638494485312,Popularity,10,0x89006a1a1556a039:0xba2d8e7e054f43b9,The Market Common,11.0,False,global popularity prior,Popularity,global popularity prior,"mall, shopping",Retail
Google Local South Carolina,106584019638494485312,TruncatedSVD,1,0x88f801ac1bedfbd5:0xd34054c9092f1f83,Hobby Lobby,20.0,False,latent factor affinity,TruncatedSVD,latent factor affinity,"home, shop, store",Retail
Google Local South Carolina,106584019638494485312,TruncatedSVD,2,0x88f801c67ccba0bb:0x2ae222ba4000f0c4,Lowe's Home Improvement,19.0,False,latent factor affinity,TruncatedSVD,latent factor affinity,"home, service, store",Retail
Google Local South Carolina,106584019638494485312,TruncatedSVD,3,0x88f8011ffa6f1d39:0x1e0bdd97f5bea394,Ollie's Bargain Outlet,18.0,False,latent factor affinity,TruncatedSVD,latent factor affinity,"electronics, home, shop",Retail
Google Local South Carolina,106584019638494485312,TruncatedSVD,4,0x88f801ad9a821385:0x135a36d3b116b4f8,Greenwood Mall,17.0,False,latent factor affinity,TruncatedSVD,latent factor affinity,"mall, shopping",Retail
Google Local South Carolina,106584019638494485312,TruncatedSVD,5,0x88f800e023f7ed41:0x72b7e2d6de60d6be,Sonic Drive-In,16.0,False,latent factor affinity,TruncatedSVD,latent factor affinity,"fast, food, hamburger",Dining
Google Local South Carolina,106584019638494485312,TruncatedSVD,6,0x885814da2f1346c9:0xb727cd208912a06b,Anderson Jockey Lot And Farmers Market,15.0,False,latent factor affinity,TruncatedSVD,latent factor affinity,,Retail
Google Local South Carolina,106584019638494485312,TruncatedSVD,7,0x88f800e2dea94879:0x3d0b2d50d3afe091,Applebee's Grill + Bar,14.0,False,latent factor affinity,TruncatedSVD,latent factor affinity,"american, family, hamburger",Dining
Google Local South Carolina,106584019638494485312,TruncatedSVD,8,0x88f801210856bda1:0x603a58ed57743d08,Bojangles,13.0,False,latent factor affinity,TruncatedSVD,latent factor affinity,"american, family, fast",Dining
Google Local South Carolina,106584019638494485312,TruncatedSVD,9,0x88f800e2e4469eb1:0xc20667d90e3eb241,Food Lion,12.0,False,latent factor affinity,TruncatedSVD,latent factor affinity,store,Retail
Google Local South Carolina,106584019638494485312,TruncatedSVD,10,0x88583e6b074bb54d:0x8c772ba7e936541e,Bargain Food Store,11.0,False,latent factor affinity,TruncatedSVD,latent factor affinity,store,Retail
Google Local South Carolina,106584019638494485312,EASE,1,0x88f801ac1bedfbd5:0xd34054c9092f1f83,Hobby Lobby,20.0,False,closed-form co-occurrence signal,EASE,closed-form co-occurrence signal,"home, shop, store",Retail
Google Local South Carolina,106584019638494485312,EASE,2,0x88f801c67ccba0bb:0x2ae222ba4000f0c4,Lowe's Home Improvement,19.0,False,closed-form co-occurrence signal,EASE,closed-form co-occurrence signal,"home, service, store",Retail
Google Local South Carolina,106584019638494485312,EASE,3,0x88f800e023f7ed41:0x72b7e2d6de60d6be,Sonic Drive-In,18.0,False,closed-form co-occurrence signal,EASE,closed-form co-occurrence signal,"fast, food, hamburger",Dining
Google Local South Carolina,106584019638494485312,EASE,4,0x88f801ad9a821385:0x135a36d3b116b4f8,Greenwood Mall,17.0,False,closed-form co-occurrence signal,EASE,closed-form co-occurrence signal,"mall, shopping",Retail
Google Local South Carolina,106584019638494485312,EASE,5,0x88f8011ffa6f1d39:0x1e0bdd97f5bea394,Ollie's Bargain Outlet,16.0,False,closed-form co-occurrence signal,EASE,closed-form co-occurrence signal,"electronics, home, shop",Retail
Google Local South Carolina,106584019638494485312,EASE,6,0x885814da2f1346c9:0xb727cd208912a06b,Anderson Jockey Lot And Farmers Market,15.0,False,closed-form co-occurrence signal,EASE,closed-form co-occurrence signal,,Retail
Google Local South Carolina,106584019638494485312,EASE,7,0x88f801210856bda1:0x603a58ed57743d08,Bojangles,14.0,False,closed-form co-occurrence signal,EASE,closed-form co-occurrence signal,"american, family, fast",Dining
Google Local South Carolina,106584019638494485312,EASE,8,0x88f800e2dea94879:0x3d0b2d50d3afe091,Applebee's Grill + Bar,13.0,False,closed-form co-occurrence signal,EASE,closed-form co-occurrence signal,"american, family, hamburger",Dining
Google Local South Carolina,106584019638494485312,EASE,9,0x88586933400f8091:0xce3f6ea249816c7a,Walmart Supercenter,12.0,False,closed-form co-occurrence signal,EASE,closed-form co-occurrence signal,"electronics, home, store",Retail
Google Local South Carolina,106584019638494485312,EASE,10,0x88f800e2e4469eb1:0xc20667d90e3eb241,Food Lion,11.0,False,closed-form co-occurrence signal,EASE,closed-form co-occurrence signal,store,Retail
Google Local South Carolina,106584019638494485312,TFIDF_Content,1,0x8857d49a2263ee9d:0xa7a815b8f1296288,McDonald's,20.0,False,metadata and text similarity,TFIDF_Content,metadata and text similarity,"breakfast, fast, food",Dining
Google Local South Carolina,106584019638494485312,TFIDF_Content,2,0x88fed7b0af7de9af:0xf7199b75634275b2,McDonald's,19.0,False,metadata and text similarity,TFIDF_Content,metadata and text similarity,"breakfast, fast, food",Dining
Google Local South Carolina,106584019638494485312,TFIDF_Content,3,0x88fe602ca2b311cf:0x34d00a9ce2ec5d75,McDonald's,18.0,False,metadata and text similarity,TFIDF_Content,metadata and text similarity,"breakfast, fast, food",Dining
Google Local South Carolina,106584019638494485312,TFIDF_Content,4,0x88f8bb310b219835:0x618e73f79c3f4823,McDonald's,17.0,False,metadata and text similarity,TFIDF_Content,metadata and text similarity,"breakfast, fast, food",Dining
Google Local South Carolina,106584019638494485312,TFIDF_Content,5,0x885830695c6c874f:0xe4d74dc11aff061d,McDonald's,16.0,False,metadata and text similarity,TFIDF_Content,metadata and text similarity,"breakfast, fast, food",Dining
Google Local South Carolina,106584019638494485312,TFIDF_Content,6,0x88fc0c6c9ea4c4f5:0xcd9d901d4f3a3543,McDonald's,15.0,False,metadata and text similarity,TFIDF_Content,metadata and text similarity,"breakfast, fast, food",Dining
Google Local South Carolina,106584019638494485312,TFIDF_Content,7,0x8855f726af237bd1:0xcd586d1e2d0f5f1b,McDonald's,14.0,False,metadata and text similarity,TFIDF_Content,metadata and text similarity,"breakfast, fast, food",Dining
Google Local South Carolina,106584019638494485312,TFIDF_Content,8,0x88f9cae6766a92c9:0xd241b14452413541,McDonald's,13.0,False,metadata and text similarity,TFIDF_Content,metadata and text similarity,"breakfast, fast, food",Dining
Google Local South Carolina,106584019638494485312,TFIDF_Content,9,0x88f8a4d034c57371:0x1785f2dc00db7415,McDonald's,12.0,False,metadata and text similarity,TFIDF_Content,metadata and text similarity,"breakfast, fast, food",Dining
Google Local South Carolina,106584019638494485312,TFIDF_Content,10,0x88fe89cea27cc5cb:0xf88042a8751428bf,McDonald's,11.0,False,metadata and text similarity,TFIDF_Content,metadata and text similarity,"breakfast, fast, food",Dining
Google Local South Carolina,106584019638494485312,SequentialTransition,1,0x885868d4481c42c9:0x1fa73388c1f85f1c,Ross Dress for Less,20.0,False,order-aware transition signal from recent user history,SequentialTransition,order-aware transition signal from recent user history,store,Retail
Google Local South Carolina,106584019638494485312,SequentialTransition,2,0x88582ef06d6470f5:0x18db10b2da57938,Copper River Grill,19.0,False,order-aware transition signal from recent user history,SequentialTransition,order-aware transition signal from recent user history,"american, restaurant",Dining
Google Local South Carolina,106584019638494485312,SequentialTransition,3,0x885820aae653b107:0x601f7755c23ab702,BI-LO,18.0,False,order-aware transition signal from recent user history,SequentialTransition,order-aware transition signal from recent user history,store,Dining
Google Local South Carolina,106584019638494485312,SequentialTransition,4,0x885868d5d320c4c5:0x788882e1d597d856,Texas Roadhouse,17.0,False,order-aware transition signal from recent user history,SequentialTransition,order-aware transition signal from recent user history,"american, restaurant",Dining
Google Local South Carolina,106584019638494485312,SequentialTransition,5,0x88582efbb2a0923b:0x10ddd809247feec8,Macy's,16.0,False,order-aware transition signal from recent user history,SequentialTransition,order-aware transition signal from recent user history,store,Retail
Google Local South Carolina,106584019638494485312,SequentialTransition,6,0x88586ec446734643:0x78475f5ca7b60a22,Bruster's Real Ice Cream,15.0,False,order-aware transition signal from recent user history,SequentialTransition,order-aware transition signal from recent user history,shop,Retail
Google Local South Carolina,106584019638494485312,SequentialTransition,7,0x88582ef933f81861:0xcfd279aa50ac847a,Gabe's,14.0,False,order-aware transition signal from recent user history,SequentialTransition,order-aware transition signal from recent user history,store,Retail
Google Local South Carolina,106584019638494485312,SequentialTransition,8,0x8858481204b77683:0x1e38f9cd74b651be,Burger King,13.0,False,order-aware transition signal from recent user history,SequentialTransition,order-aware transition signal from recent user history,"fast, food, restaurant",Dining
Google Local South Carolina,106584019638494485312,SequentialTransition,9,0x88582f74b0edb7cb:0x74ed1fb7aafcd055,Verdae Village,12.0,False,order-aware transition signal from recent user history,SequentialTransition,order-aware transition signal from recent user history,"mall, shopping",Retail
Google Local South Carolina,106584019638494485312,SequentialTransition,10,0x88583b3570151317:0x4e32d508f2d7bff7,Clock Fine Foods,11.0,False,order-aware transition signal from recent user history,SequentialTransition,order-aware transition signal from recent user history,"american, restaurant",Dining
Google Local South Carolina,106584019638494485312,HybridFeatureRerank,1,0x88f801ac1bedfbd5:0xd34054c9092f1f83,Hobby Lobby,20.0,False,"candidate rerank with collaborative, content, recency and profile-alignment features",ease,strong collaborative co-occurrence; latent factor match; recent item activity,"home, shop, store",Retail
Google Local South Carolina,106584019638494485312,HybridFeatureRerank,2,0x88f800e023f7ed41:0x72b7e2d6de60d6be,Sonic Drive-In,19.0,False,"candidate rerank with collaborative, content, recency and profile-alignment features",ease,strong collaborative co-occurrence; latent factor match; text and metadata similarity,"fast, food, hamburger",Dining
Google Local South Carolina,106584019638494485312,HybridFeatureRerank,3,0x88f801c67ccba0bb:0x2ae222ba4000f0c4,Lowe's Home Improvement,18.0,False,"candidate rerank with collaborative, content, recency and profile-alignment features",ease,strong collaborative co-occurrence; latent factor match; recent item activity,"home, service, store",Retail
Google Local South Carolina,106584019638494485312,HybridFeatureRerank,4,0x88f8011ffa6f1d39:0x1e0bdd97f5bea394,Ollie's Bargain Outlet,17.0,False,"candidate rerank with collaborative, content, recency and profile-alignment features",ease,strong collaborative co-occurrence; latent factor match; text and metadata similarity,"electronics, home, shop",Retail
Google Local South Carolina,106584019638494485312,HybridFeatureRerank,5,0x88f801ad9a821385:0x135a36d3b116b4f8,Greenwood Mall,16.0,False,"candidate rerank with collaborative, content, recency and profile-alignment features",ease,"strong collaborative co-occurrence; latent factor match; shares profile tags (mall, shopping)","mall, shopping",Retail
Google Local South Carolina,106584019638494485312,HybridFeatureRerank,6,0x88f801210856bda1:0x603a58ed57743d08,Bojangles,15.0,False,"candidate rerank with collaborative, content, recency and profile-alignment features",ease,strong collaborative co-occurrence; latent factor match; text and metadata similarity,"american, family, fast",Dining
Google Local South Carolina,106584019638494485312,HybridFeatureRerank,7,0x88f800e2dea94879:0x3d0b2d50d3afe091,Applebee's Grill + Bar,14.0,False,"candidate rerank with collaborative, content, recency and profile-alignment features",ease,strong collaborative co-occurrence; latent factor match; text and metadata similarity,"american, family, hamburger",Dining
Google Local South Carolina,106584019638494485312,HybridFeatureRerank,8,0x8857ee9428cdbc31:0x7c4066ae58dbe2af,Chick-fil-A,13.0,False,"candidate rerank with collaborative, content, recency and profile-alignment features",ease,strong collaborative co-occurrence; latent factor match; text and metadata similarity,"breakfast, family, fast",Dining
Google Local South Carolina,106584019638494485312,HybridFeatureRerank,9,0x885814da2f1346c9:0xb727cd208912a06b,Anderson Jockey Lot And Farmers Market,12.0,False,"candidate rerank with collaborative, content, recency and profile-alignment features",ease,strong collaborative co-occurrence; latent factor match; recent item activity,,Retail
Google Local South Carolina,106584019638494485312,HybridFeatureRerank,10,0x88586933400f8091:0xce3f6ea249816c7a,Walmart Supercenter,11.0,False,"candidate rerank with collaborative, content, recency and profile-alignment features",ease,strong collaborative co-occurrence; latent factor match; text and metadata similarity,"electronics, home, store",Retail
Google Local South Carolina,106584019638494485312,Hybrid_NoContentAblation,1,0x88f801ac1bedfbd5:0xd34054c9092f1f83,Hobby Lobby,20.0,False,hybrid rerank without content and profile-alignment features,ease,strong collaborative co-occurrence; latent factor match; recent item activity,"home, shop, store",Retail
Google Local South Carolina,106584019638494485312,Hybrid_NoContentAblation,2,0x88f801c67ccba0bb:0x2ae222ba4000f0c4,Lowe's Home Improvement,19.0,False,hybrid rerank without content and profile-alignment features,ease,strong collaborative co-occurrence; latent factor match; recent item activity,"home, service, store",Retail
Google Local South Carolina,106584019638494485312,Hybrid_NoContentAblation,3,0x88f800e023f7ed41:0x72b7e2d6de60d6be,Sonic Drive-In,18.0,False,hybrid rerank without content and profile-alignment features,ease,strong collaborative co-occurrence; latent factor match; recent item activity,"fast, food, hamburger",Dining
Google Local South Carolina,106584019638494485312,Hybrid_NoContentAblation,4,0x88f8011ffa6f1d39:0x1e0bdd97f5bea394,Ollie's Bargain Outlet,17.0,False,hybrid rerank without content and profile-alignment features,ease,strong collaborative co-occurrence; latent factor match; recent item activity,"electronics, home, shop",Retail
Google Local South Carolina,106584019638494485312,Hybrid_NoContentAblation,5,0x88f801ad9a821385:0x135a36d3b116b4f8,Greenwood Mall,16.0,False,hybrid rerank without content and profile-alignment features,ease,strong collaborative co-occurrence; latent factor match; recent item activity,"mall, shopping",Retail
Google Local South Carolina,106584019638494485312,Hybrid_NoContentAblation,6,0x885814da2f1346c9:0xb727cd208912a06b,Anderson Jockey Lot And Farmers Market,15.0,False,hybrid rerank without content and profile-alignment features,ease,strong collaborative co-occurrence; latent factor match; recent item activity,,Retail
Google Local South Carolina,106584019638494485312,Hybrid_NoContentAblation,7,0x88f801210856bda1:0x603a58ed57743d08,Bojangles,14.0,False,hybrid rerank without content and profile-alignment features,ease,strong collaborative co-occurrence; latent factor match; recent item activity,"american, family, fast",Dining
Google Local South Carolina,106584019638494485312,Hybrid_NoContentAblation,8,0x88f800e2dea94879:0x3d0b2d50d3afe091,Applebee's Grill + Bar,13.0,False,hybrid rerank without content and profile-alignment features,ease,strong collaborative co-occurrence; latent factor match; recent item activity,"american, family, hamburger",Dining
Google Local South Carolina,106584019638494485312,Hybrid_NoContentAblation,9,0x88f800e2e4469eb1:0xc20667d90e3eb241,Food Lion,12.0,False,hybrid rerank without content and profile-alignment features,ease,strong collaborative co-occurrence; latent factor match; recent item activity,store,Retail
Google Local South Carolina,106584019638494485312,Hybrid_NoContentAblation,10,0x8857ee9428cdbc31:0x7c4066ae58dbe2af,Chick-fil-A,11.0,False,hybrid rerank without content and profile-alignment features,ease,strong collaborative co-occurrence; latent factor match; recent item activity,"breakfast, family, fast",Dining
Google Local South Carolina,106584019638494485312,Hybrid_NoCollaborativeAblation,1,0x89007d407b2178a3:0xbb13dbe41f833424,McDonald's,20.0,False,hybrid rerank without collaborative candidate signals,content,"text and metadata similarity; recent item activity; shares profile tags (breakfast, fast, food)","breakfast, fast, food",Dining
Google Local South Carolina,106584019638494485312,Hybrid_NoCollaborativeAblation,2,0x88568f493a3cadab:0x2ecb72a3295b72fd,McDonald's,19.0,False,hybrid rerank without collaborative candidate signals,content,"text and metadata similarity; recent item activity; shares profile tags (breakfast, fast, food)","breakfast, fast, food",Dining
Google Local South Carolina,106584019638494485312,Hybrid_NoCollaborativeAblation,3,0x88f896c19b64bed1:0xb322ffe6f273d2c6,McDonald's,18.0,False,hybrid rerank without collaborative candidate signals,content,"text and metadata similarity; recent item activity; shares profile tags (breakfast, fast, food)","breakfast, fast, food",Dining
Google Local South Carolina,106584019638494485312,Hybrid_NoCollaborativeAblation,4,0x885689682840ed0b:0x45194f37b1b3f64f,McDonald's,17.0,False,hybrid rerank without collaborative candidate signals,content,"text and metadata similarity; recent item activity; shares profile tags (breakfast, fast, food)","breakfast, fast, food",Dining
Google Local South Carolina,106584019638494485312,Hybrid_NoCollaborativeAblation,5,0x88f89d38e08bf2e3:0xeb37e700854ac836,McDonald's,16.0,False,hybrid rerank without collaborative candidate signals,content,"text and metadata similarity; recent item activity; shares profile tags (breakfast, fast, food)","breakfast, fast, food",Dining
Google Local South Carolina,106584019638494485312,Hybrid_NoCollaborativeAblation,6,0x88f8a273d2adf4bd:0x5f4a290da396d97d,McDonald's,15.0,False,hybrid rerank without collaborative candidate signals,content,"text and metadata similarity; recent item activity; shares profile tags (breakfast, fast, food)","breakfast, fast, food",Dining
Google Local South Carolina,106584019638494485312,Hybrid_NoCollaborativeAblation,7,0x8857779eda8c72f9:0xd7a832c83f1d57e9,McDonald's,14.0,False,hybrid rerank without collaborative candidate signals,content,"text and metadata similarity; recent item activity; shares profile tags (breakfast, fast, food)","breakfast, fast, food",Dining
Google Local South Carolina,106584019638494485312,Hybrid_NoCollaborativeAblation,8,0x88fe8d00e6cf01d7:0x2b9273861f3ba768,McDonald's,13.0,False,hybrid rerank without collaborative candidate signals,content,"text and metadata similarity; recent item activity; shares profile tags (breakfast, fast, food)","breakfast, fast, food",Dining
Google Local South Carolina,106584019638494485312,Hybrid_NoCollaborativeAblation,9,0x88578a179d29c131:0xc843102845414f3d,McDonald's,12.0,False,hybrid rerank without collaborative candidate signals,content,"text and metadata similarity; recent item activity; shares profile tags (breakfast, fast, food)","breakfast, fast, food",Dining
Google Local South Carolina,106584019638494485312,Hybrid_NoCollaborativeAblation,10,0x89000d7fbd4b7e2b:0x1c06e4c9dbdea,McDonald's,11.0,False,hybrid rerank without collaborative candidate signals,content,"text and metadata similarity; recent item activity; shares profile tags (breakfast, fast, food)","breakfast, fast, food",Dining
Goodreads Fantasy 10K,3a16f3fcb7dedfef2ca21f868001019a,Popularity,1,11235712,"Cinder (The Lunar Chronicles, #1)",20.0,False,global popularity prior,Popularity,global popularity prior,"books, fantasy, favorites",Other
Goodreads Fantasy 10K,3a16f3fcb7dedfef2ca21f868001019a,Popularity,2,136251,"Harry Potter and the Deathly Hallows (Harry Potter, #7)",19.0,False,global popularity prior,Popularity,global popularity prior,"books, fantasy, favorites",Other
Goodreads Fantasy 10K,3a16f3fcb7dedfef2ca21f868001019a,Popularity,3,10194157,"Shadow and Bone (The Grisha, #1)",18.0,False,global popularity prior,Popularity,global popularity prior,"books, currently, fantasy",Other
Goodreads Fantasy 10K,3a16f3fcb7dedfef2ca21f868001019a,Popularity,4,13206900,"Winter (The Lunar Chronicles, #4)",17.0,False,global popularity prior,Popularity,global popularity prior,"books, currently, fantasy",Other
Goodreads Fantasy 10K,3a16f3fcb7dedfef2ca21f868001019a,Popularity,5,23437156,"Six of Crows (Six of Crows, #1)",16.0,False,global popularity prior,Popularity,global popularity prior,"books, currently, fantasy",Other
Goodreads Fantasy 10K,3a16f3fcb7dedfef2ca21f868001019a,Popularity,6,2,"Harry Potter and the Order of the Phoenix (Harry Potter, #5)",15.0,False,global popularity prior,Popularity,global popularity prior,"currently, fantasy, favorites",Other
Goodreads Fantasy 10K,3a16f3fcb7dedfef2ca21f868001019a,Popularity,7,16096824,"A Court of Thorns and Roses (A Court of Thorns and Roses, #1)",14.0,False,global popularity prior,Popularity,global popularity prior,"books, currently, fantasy",Other
Goodreads Fantasy 10K,3a16f3fcb7dedfef2ca21f868001019a,Popularity,8,6131164,"Clockwork Princess (The Infernal Devices, #3)",13.0,False,global popularity prior,Popularity,global popularity prior,"books, currently, fantasy",Other
Goodreads Fantasy 10K,3a16f3fcb7dedfef2ca21f868001019a,Popularity,9,13047090,"Onyx (Lux, #2)",12.0,False,global popularity prior,Popularity,global popularity prior,"currently, fantasy, favorites",Other
Goodreads Fantasy 10K,3a16f3fcb7dedfef2ca21f868001019a,Popularity,10,8621462,A Monster Calls,11.0,False,global popularity prior,Popularity,global popularity prior,"books, currently, fantasy",Other
Goodreads Fantasy 10K,3a16f3fcb7dedfef2ca21f868001019a,TruncatedSVD,1,127455,"The Lies of Locke Lamora (Gentleman Bastard, #1)",20.0,False,latent factor affinity,TruncatedSVD,latent factor affinity,"books, currently, epic",Other
Goodreads Fantasy 10K,3a16f3fcb7dedfef2ca21f868001019a,TruncatedSVD,2,47212,"Storm Front (The Dresden Files, #1)",19.0,False,latent factor affinity,TruncatedSVD,latent factor affinity,"currently, fantasy, favorites",Other
Goodreads Fantasy 10K,3a16f3fcb7dedfef2ca21f868001019a,TruncatedSVD,3,91476,"Grave Peril (The Dresden Files, #3)",18.0,False,latent factor affinity,TruncatedSVD,latent factor affinity,"currently, fantasy, fiction",Other
Goodreads Fantasy 10K,3a16f3fcb7dedfef2ca21f868001019a,TruncatedSVD,4,43763,"Interview with the Vampire (The Vampire Chronicles, #1)",17.0,False,latent factor affinity,TruncatedSVD,latent factor affinity,"currently, fantasy, favorites",Other
Goodreads Fantasy 10K,3a16f3fcb7dedfef2ca21f868001019a,TruncatedSVD,5,22886868,"The Shepherd's Crown (Discworld, #41; Tiffany Aching, #5)",16.0,False,latent factor affinity,TruncatedSVD,latent factor affinity,"currently, favorites, owned",Other
Goodreads Fantasy 10K,3a16f3fcb7dedfef2ca21f868001019a,TruncatedSVD,6,11275323,"Raising Steam (Discworld, #40, Moist von Lipwig #3 )",15.0,False,latent factor affinity,TruncatedSVD,latent factor affinity,"fantasy, fiction, owned",Other
Goodreads Fantasy 10K,3a16f3fcb7dedfef2ca21f868001019a,TruncatedSVD,7,3754026,"Beyond the Shadows (Night Angel, #3)",14.0,False,latent factor affinity,TruncatedSVD,latent factor affinity,"books, currently, epic",Other
Goodreads Fantasy 10K,3a16f3fcb7dedfef2ca21f868001019a,TruncatedSVD,8,18666047,"Half a King (Shattered Sea, #1)",13.0,False,latent factor affinity,TruncatedSVD,latent factor affinity,"currently, epic, fantasy",Other
Goodreads Fantasy 10K,3a16f3fcb7dedfef2ca21f868001019a,TruncatedSVD,9,11454587,"Spell Bound (Hex Hall, #3)",12.0,False,latent factor affinity,TruncatedSVD,latent factor affinity,"currently, fantasy, favorites",Other
Goodreads Fantasy 10K,3a16f3fcb7dedfef2ca21f868001019a,TruncatedSVD,10,2802316,"Shadow Kiss (Vampire Academy, #3)",11.0,False,latent factor affinity,TruncatedSVD,latent factor affinity,"books, currently, fantasy",Other
Goodreads Fantasy 10K,3a16f3fcb7dedfef2ca21f868001019a,EASE,1,47212,"Storm Front (The Dresden Files, #1)",20.0,False,closed-form co-occurrence signal,EASE,closed-form co-occurrence signal,"currently, fantasy, favorites",Other
Goodreads Fantasy 10K,3a16f3fcb7dedfef2ca21f868001019a,EASE,2,13618440,"Dreams of Gods & Monsters (Daughter of Smoke & Bone, #3)",19.0,False,closed-form co-occurrence signal,EASE,closed-form co-occurrence signal,"books, currently, fantasy",Other
Goodreads Fantasy 10K,3a16f3fcb7dedfef2ca21f868001019a,EASE,3,3754026,"Beyond the Shadows (Night Angel, #3)",18.0,False,closed-form co-occurrence signal,EASE,closed-form co-occurrence signal,"books, currently, epic",Other
Goodreads Fantasy 10K,3a16f3fcb7dedfef2ca21f868001019a,EASE,4,7165300,"The Black Prism (Lightbringer, #1)",17.0,False,closed-form co-occurrence signal,EASE,closed-form co-occurrence signal,"currently, epic, fantasy",Other
Goodreads Fantasy 10K,3a16f3fcb7dedfef2ca21f868001019a,EASE,5,18666047,"Half a King (Shattered Sea, #1)",16.0,False,closed-form co-occurrence signal,EASE,closed-form co-occurrence signal,"currently, epic, fantasy",Other
Goodreads Fantasy 10K,3a16f3fcb7dedfef2ca21f868001019a,EASE,6,68428,"The Final Empire (Mistborn, #1)",15.0,False,closed-form co-occurrence signal,EASE,closed-form co-occurrence signal,"books, currently, epic",Other
Goodreads Fantasy 10K,3a16f3fcb7dedfef2ca21f868001019a,EASE,7,6587879,Horns,14.0,False,closed-form co-occurrence signal,EASE,closed-form co-occurrence signal,"books, currently, fantasy",Other
Goodreads Fantasy 10K,3a16f3fcb7dedfef2ca21f868001019a,EASE,8,119322,"The Golden Compass (His Dark Materials, #1)",13.0,False,closed-form co-occurrence signal,EASE,closed-form co-occurrence signal,"books, currently, fantasy",Other
Goodreads Fantasy 10K,3a16f3fcb7dedfef2ca21f868001019a,EASE,9,68429,"The Well of Ascension (Mistborn, #2)",12.0,False,closed-form co-occurrence signal,EASE,closed-form co-occurrence signal,"books, currently, epic",Other
Goodreads Fantasy 10K,3a16f3fcb7dedfef2ca21f868001019a,EASE,10,17378527,"The Raven King (The Raven Cycle, #4)",11.0,False,closed-form co-occurrence signal,EASE,closed-form co-occurrence signal,"books, currently, fantasy",Other
Goodreads Fantasy 10K,3a16f3fcb7dedfef2ca21f868001019a,TFIDF_Content,1,3754026,"Beyond the Shadows (Night Angel, #3)",20.0,False,metadata and text similarity,TFIDF_Content,metadata and text similarity,"books, currently, epic",Other
Goodreads Fantasy 10K,3a16f3fcb7dedfef2ca21f868001019a,TFIDF_Content,2,17332218,"Words of Radiance (The Stormlight Archive, #2)",19.0,False,metadata and text similarity,TFIDF_Content,metadata and text similarity,"currently, epic, fantasy",Other
Goodreads Fantasy 10K,3a16f3fcb7dedfef2ca21f868001019a,TFIDF_Content,3,1215032,"The Wise Man's Fear (The Kingkiller Chronicle, #2)",18.0,False,metadata and text similarity,TFIDF_Content,metadata and text similarity,"books, currently, epic",Other
Goodreads Fantasy 10K,3a16f3fcb7dedfef2ca21f868001019a,TFIDF_Content,4,10572,"A Clash of Kings  (A Song of Ice and Fire, #2)",17.0,False,metadata and text similarity,TFIDF_Content,metadata and text similarity,"books, currently, epic",Other
Goodreads Fantasy 10K,3a16f3fcb7dedfef2ca21f868001019a,TFIDF_Content,5,15839976,"Red Rising (Red Rising, #1)",16.0,False,metadata and text similarity,TFIDF_Content,metadata and text similarity,"currently, fantasy, favorites",Other
Goodreads Fantasy 10K,3a16f3fcb7dedfef2ca21f868001019a,TFIDF_Content,6,10664113,"A Dance with Dragons (A Song of Ice and Fire, #5)",15.0,False,metadata and text similarity,TFIDF_Content,metadata and text similarity,"books, currently, epic",Other
Goodreads Fantasy 10K,3a16f3fcb7dedfef2ca21f868001019a,TFIDF_Content,7,7165300,"The Black Prism (Lightbringer, #1)",14.0,False,metadata and text similarity,TFIDF_Content,metadata and text similarity,"currently, epic, fantasy",Other
Goodreads Fantasy 10K,3a16f3fcb7dedfef2ca21f868001019a,TFIDF_Content,8,28187,"The Lightning Thief (Percy Jackson and the Olympians, #1)",13.0,False,metadata and text similarity,TFIDF_Content,metadata and text similarity,"books, currently, fantasy",Other
Goodreads Fantasy 10K,3a16f3fcb7dedfef2ca21f868001019a,TFIDF_Content,9,3,"Harry Potter and the Sorcerer's Stone (Harry Potter, #1)",12.0,False,metadata and text similarity,TFIDF_Content,metadata and text similarity,"books, fantasy, favorites",Other
Goodreads Fantasy 10K,3a16f3fcb7dedfef2ca21f868001019a,TFIDF_Content,10,42898,"Lover Revealed (Black Dagger Brotherhood, #4)",11.0,False,metadata and text similarity,TFIDF_Content,metadata and text similarity,"currently, fantasy, favorites",Other
Goodreads Fantasy 10K,3a16f3fcb7dedfef2ca21f868001019a,SequentialTransition,1,47212,"Storm Front (The Dresden Files, #1)",20.0,False,order-aware transition signal from recent user history,SequentialTransition,order-aware transition signal from recent user history,"currently, fantasy, favorites",Other
Goodreads Fantasy 10K,3a16f3fcb7dedfef2ca21f868001019a,SequentialTransition,2,127455,"The Lies of Locke Lamora (Gentleman Bastard, #1)",19.0,False,order-aware transition signal from recent user history,SequentialTransition,order-aware transition signal from recent user history,"books, currently, epic",Other
Goodreads Fantasy 10K,3a16f3fcb7dedfef2ca21f868001019a,SequentialTransition,3,3754026,"Beyond the Shadows (Night Angel, #3)",18.0,False,order-aware transition signal from recent user history,SequentialTransition,order-aware transition signal from recent user history,"books, currently, epic",Other
Goodreads Fantasy 10K,3a16f3fcb7dedfef2ca21f868001019a,SequentialTransition,4,7235533,"The Way of Kings (The Stormlight Archive, #1)",17.0,False,order-aware transition signal from recent user history,SequentialTransition,order-aware transition signal from recent user history,"currently, epic, fantasy",Other
Goodreads Fantasy 10K,3a16f3fcb7dedfef2ca21f868001019a,SequentialTransition,5,6587879,Horns,16.0,False,order-aware transition signal from recent user history,SequentialTransition,order-aware transition signal from recent user history,"books, currently, fantasy",Other
Goodreads Fantasy 10K,3a16f3fcb7dedfef2ca21f868001019a,SequentialTransition,6,91476,"Grave Peril (The Dresden Files, #3)",15.0,False,order-aware transition signal from recent user history,SequentialTransition,order-aware transition signal from recent user history,"currently, fantasy, fiction",Other
Goodreads Fantasy 10K,3a16f3fcb7dedfef2ca21f868001019a,SequentialTransition,7,119322,"The Golden Compass (His Dark Materials, #1)",14.0,False,order-aware transition signal from recent user history,SequentialTransition,order-aware transition signal from recent user history,"books, currently, fantasy",Other
Goodreads Fantasy 10K,3a16f3fcb7dedfef2ca21f868001019a,SequentialTransition,8,9460487,"Miss Peregrine’s Home for Peculiar Children (Miss Peregrine’s Peculiar Children, #1)",13.0,False,order-aware transition signal from recent user history,SequentialTransition,order-aware transition signal from recent user history,"books, currently, fantasy",Other
Goodreads Fantasy 10K,3a16f3fcb7dedfef2ca21f868001019a,SequentialTransition,9,11235712,"Cinder (The Lunar Chronicles, #1)",12.0,False,order-aware transition signal from recent user history,SequentialTransition,order-aware transition signal from recent user history,"books, fantasy, favorites",Other
Goodreads Fantasy 10K,3a16f3fcb7dedfef2ca21f868001019a,SequentialTransition,10,1,"Harry Potter and the Half-Blood Prince (Harry Potter, #6)",11.0,False,order-aware transition signal from recent user history,SequentialTransition,order-aware transition signal from recent user history,"books, currently, fantasy",Other
Goodreads Fantasy 10K,3a16f3fcb7dedfef2ca21f868001019a,HybridFeatureRerank,1,3754026,"Beyond the Shadows (Night Angel, #3)",20.0,False,"candidate rerank with collaborative, content, recency and profile-alignment features",content,text and metadata similarity; strong collaborative co-occurrence; latent factor match,"books, currently, epic",Other
Goodreads Fantasy 10K,3a16f3fcb7dedfef2ca21f868001019a,HybridFeatureRerank,2,127455,"The Lies of Locke Lamora (Gentleman Bastard, #1)",19.0,False,"candidate rerank with collaborative, content, recency and profile-alignment features",content,"text and metadata similarity; latent factor match; shares profile tags (books, currently, epic)","books, currently, epic",Other
Goodreads Fantasy 10K,3a16f3fcb7dedfef2ca21f868001019a,HybridFeatureRerank,3,7165300,"The Black Prism (Lightbringer, #1)",18.0,False,"candidate rerank with collaborative, content, recency and profile-alignment features",content,"text and metadata similarity; strong collaborative co-occurrence; shares profile tags (currently, epic, fantasy)","currently, epic, fantasy",Other
Goodreads Fantasy 10K,3a16f3fcb7dedfef2ca21f868001019a,HybridFeatureRerank,4,13618440,"Dreams of Gods & Monsters (Daughter of Smoke & Bone, #3)",17.0,False,"candidate rerank with collaborative, content, recency and profile-alignment features",ease,"strong collaborative co-occurrence; text and metadata similarity; shares profile tags (books, currently, fantasy)","books, currently, fantasy",Other
Goodreads Fantasy 10K,3a16f3fcb7dedfef2ca21f868001019a,HybridFeatureRerank,5,68428,"The Final Empire (Mistborn, #1)",16.0,False,"candidate rerank with collaborative, content, recency and profile-alignment features",content,"text and metadata similarity; strong collaborative co-occurrence; shares profile tags (books, currently, epic)","books, currently, epic",Other
Goodreads Fantasy 10K,3a16f3fcb7dedfef2ca21f868001019a,HybridFeatureRerank,6,47212,"Storm Front (The Dresden Files, #1)",15.0,False,"candidate rerank with collaborative, content, recency and profile-alignment features",ease,strong collaborative co-occurrence; latent factor match; text and metadata similarity,"currently, fantasy, favorites",Other
Goodreads Fantasy 10K,3a16f3fcb7dedfef2ca21f868001019a,HybridFeatureRerank,7,6587879,Horns,14.0,False,"candidate rerank with collaborative, content, recency and profile-alignment features",content,text and metadata similarity; strong collaborative co-occurrence; latent factor match,"books, currently, fantasy",Other
Goodreads Fantasy 10K,3a16f3fcb7dedfef2ca21f868001019a,HybridFeatureRerank,8,18666047,"Half a King (Shattered Sea, #1)",13.0,False,"candidate rerank with collaborative, content, recency and profile-alignment features",content,text and metadata similarity; strong collaborative co-occurrence; latent factor match,"currently, epic, fantasy",Other
Goodreads Fantasy 10K,3a16f3fcb7dedfef2ca21f868001019a,HybridFeatureRerank,9,17675462,"The Raven Boys (The Raven Cycle, #1)",12.0,False,"candidate rerank with collaborative, content, recency and profile-alignment features",content,text and metadata similarity; strong collaborative co-occurrence; latent factor match,"books, currently, fantasy",Other
Goodreads Fantasy 10K,3a16f3fcb7dedfef2ca21f868001019a,HybridFeatureRerank,10,14061957,"Ruin and Rising (The Grisha, #3)",11.0,False,"candidate rerank with collaborative, content, recency and profile-alignment features",content,"text and metadata similarity; strong collaborative co-occurrence; shares profile tags (books, currently, fantasy)","books, currently, fantasy",Other
Goodreads Fantasy 10K,3a16f3fcb7dedfef2ca21f868001019a,Hybrid_NoContentAblation,1,47212,"Storm Front (The Dresden Files, #1)",20.0,False,hybrid rerank without content and profile-alignment features,ease,strong collaborative co-occurrence; latent factor match; long-tail novelty,"currently, fantasy, favorites",Other
Goodreads Fantasy 10K,3a16f3fcb7dedfef2ca21f868001019a,Hybrid_NoContentAblation,2,13618440,"Dreams of Gods & Monsters (Daughter of Smoke & Bone, #3)",19.0,False,hybrid rerank without content and profile-alignment features,ease,strong collaborative co-occurrence; latent factor match; recent item activity,"books, currently, fantasy",Other
Goodreads Fantasy 10K,3a16f3fcb7dedfef2ca21f868001019a,Hybrid_NoContentAblation,3,3754026,"Beyond the Shadows (Night Angel, #3)",18.0,False,hybrid rerank without content and profile-alignment features,ease,strong collaborative co-occurrence; latent factor match; long-tail novelty,"books, currently, epic",Other
Goodreads Fantasy 10K,3a16f3fcb7dedfef2ca21f868001019a,Hybrid_NoContentAblation,4,127455,"The Lies of Locke Lamora (Gentleman Bastard, #1)",17.0,False,hybrid rerank without content and profile-alignment features,svd,latent factor match; strong collaborative co-occurrence; long-tail novelty,"books, currently, epic",Other
Goodreads Fantasy 10K,3a16f3fcb7dedfef2ca21f868001019a,Hybrid_NoContentAblation,5,68428,"The Final Empire (Mistborn, #1)",16.0,False,hybrid rerank without content and profile-alignment features,ease,strong collaborative co-occurrence; latent factor match; long-tail novelty,"books, currently, epic",Other
Goodreads Fantasy 10K,3a16f3fcb7dedfef2ca21f868001019a,Hybrid_NoContentAblation,6,6587879,Horns,15.0,False,hybrid rerank without content and profile-alignment features,ease,strong collaborative co-occurrence; latent factor match; long-tail novelty,"books, currently, fantasy",Other
Goodreads Fantasy 10K,3a16f3fcb7dedfef2ca21f868001019a,Hybrid_NoContentAblation,7,119322,"The Golden Compass (His Dark Materials, #1)",14.0,False,hybrid rerank without content and profile-alignment features,ease,strong collaborative co-occurrence; latent factor match; long-tail novelty,"books, currently, fantasy",Other
Goodreads Fantasy 10K,3a16f3fcb7dedfef2ca21f868001019a,Hybrid_NoContentAblation,8,18666047,"Half a King (Shattered Sea, #1)",13.0,False,hybrid rerank without content and profile-alignment features,ease,strong collaborative co-occurrence; latent factor match; long-tail novelty,"currently, epic, fantasy",Other
Goodreads Fantasy 10K,3a16f3fcb7dedfef2ca21f868001019a,Hybrid_NoContentAblation,9,13188676,"Ignite Me (Shatter Me, #3)",12.0,False,hybrid rerank without content and profile-alignment features,ease,strong collaborative co-occurrence; latent factor match; recent item activity,"books, currently, fantasy",Other
Goodreads Fantasy 10K,3a16f3fcb7dedfef2ca21f868001019a,Hybrid_NoContentAblation,10,17675462,"The Raven Boys (The Raven Cycle, #1)",11.0,False,hybrid rerank without content and profile-alignment features,ease,strong collaborative co-occurrence; latent factor match; recent item activity,"books, currently, fantasy",Other
Goodreads Fantasy 10K,3a16f3fcb7dedfef2ca21f868001019a,Hybrid_NoCollaborativeAblation,1,3754026,"Beyond the Shadows (Night Angel, #3)",20.0,False,hybrid rerank without collaborative candidate signals,content,"text and metadata similarity; shares profile tags (books, currently, epic); matching metadata richness","books, currently, epic",Other
Goodreads Fantasy 10K,3a16f3fcb7dedfef2ca21f868001019a,Hybrid_NoCollaborativeAblation,2,10664113,"A Dance with Dragons (A Song of Ice and Fire, #5)",19.0,False,hybrid rerank without collaborative candidate signals,content,"text and metadata similarity; shares profile tags (books, currently, epic); long-tail novelty","books, currently, epic",Other
Goodreads Fantasy 10K,3a16f3fcb7dedfef2ca21f868001019a,Hybrid_NoCollaborativeAblation,3,17332218,"Words of Radiance (The Stormlight Archive, #2)",18.0,False,hybrid rerank without collaborative candidate signals,content,"text and metadata similarity; shares profile tags (currently, epic, fantasy); matching metadata richness","currently, epic, fantasy",Other
Goodreads Fantasy 10K,3a16f3fcb7dedfef2ca21f868001019a,Hybrid_NoCollaborativeAblation,4,7165300,"The Black Prism (Lightbringer, #1)",17.0,False,hybrid rerank without collaborative candidate signals,content,"text and metadata similarity; shares profile tags (currently, epic, fantasy); matching metadata richness","currently, epic, fantasy",Other
Goodreads Fantasy 10K,3a16f3fcb7dedfef2ca21f868001019a,Hybrid_NoCollaborativeAblation,5,10572,"A Clash of Kings  (A Song of Ice and Fire, #2)",16.0,False,hybrid rerank without collaborative candidate signals,content,"text and metadata similarity; shares profile tags (books, currently, epic); matching metadata richness","books, currently, epic",Other
Goodreads Fantasy 10K,3a16f3fcb7dedfef2ca21f868001019a,Hybrid_NoCollaborativeAblation,6,1215032,"The Wise Man's Fear (The Kingkiller Chronicle, #2)",15.0,False,hybrid rerank without collaborative candidate signals,content,"text and metadata similarity; shares profile tags (books, currently, epic); long-tail novelty","books, currently, epic",Other
Goodreads Fantasy 10K,3a16f3fcb7dedfef2ca21f868001019a,Hybrid_NoCollaborativeAblation,7,186074,"The Name of the Wind (The Kingkiller Chronicle, #1)",14.0,False,hybrid rerank without collaborative candidate signals,content,"text and metadata similarity; shares profile tags (books, currently, epic); matching metadata richness","books, currently, epic",Other
Goodreads Fantasy 10K,3a16f3fcb7dedfef2ca21f868001019a,Hybrid_NoCollaborativeAblation,8,127455,"The Lies of Locke Lamora (Gentleman Bastard, #1)",13.0,False,hybrid rerank without collaborative candidate signals,content,"text and metadata similarity; shares profile tags (books, currently, epic); matching metadata richness","books, currently, epic",Other
Goodreads Fantasy 10K,3a16f3fcb7dedfef2ca21f868001019a,Hybrid_NoCollaborativeAblation,9,62291,"A Storm of Swords (A Song of Ice and Fire, #3)",12.0,False,hybrid rerank without collaborative candidate signals,content,"text and metadata similarity; shares profile tags (books, epic, fantasy); matching metadata richness","books, epic, fantasy",Other
Goodreads Fantasy 10K,3a16f3fcb7dedfef2ca21f868001019a,Hybrid_NoCollaborativeAblation,10,28187,"The Lightning Thief (Percy Jackson and the Olympians, #1)",11.0,False,hybrid rerank without collaborative candidate signals,content,"text and metadata similarity; shares profile tags (books, currently, fantasy); matching metadata richness","books, currently, fantasy",Other
